{
  "circuit": {
    "name": "simple-hash",
    "size": 6,
    "bytecodeSize": 699
  },
  "backend": "UltraHonk",
  "configuration": {
    "threads": 1,
    "isWarm": false
  },
  "stages": [
    {
      "stage": "circuit-load",
      "timeMs": 0.24,
      "memoryBefore": {
        "rss": 116523008,
        "heapTotal": 20168704,
        "heapUsed": 11299552,
        "external": 5663349,
        "arrayBuffers": 35859
      },
      "memoryAfter": {
        "rss": 116539392,
        "heapTotal": 20168704,
        "heapUsed": 11349440,
        "external": 5671541,
        "arrayBuffers": 44051
      },
      "memoryDelta": {
        "heapUsed": 49888,
        "heapTotal": 0,
        "external": 8192,
        "rss": 16384
      },
      "measurement": {
        "name": "circuit-load",
        "duration": 0.3147919999999971,
        "startTime": 106.320041
      }
    },
    {
      "stage": "circuit-execute",
      "timeMs": 6.53,
      "memoryBefore": {
        "rss": 116555776,
        "heapTotal": 20168704,
        "heapUsed": 11372880,
        "external": 5671541,
        "arrayBuffers": 44051
      },
      "memoryAfter": {
        "rss": 129875968,
        "heapTotal": 20168704,
        "heapUsed": 11648144,
        "external": 6130682,
        "arrayBuffers": 44440
      },
      "memoryDelta": {
        "heapUsed": 275264,
        "heapTotal": 0,
        "external": 459141,
        "rss": 13320192
      },
      "measurement": {
        "name": "circuit-execute",
        "duration": 16.113375000000005,
        "startTime": 106.804625
      }
    },
    {
      "stage": "backend-init",
      "timeMs": 0.67,
      "memoryBefore": {
        "rss": 129875968,
        "heapTotal": 20168704,
        "heapUsed": 11662952,
        "external": 6130682,
        "arrayBuffers": 44440
      },
      "memoryAfter": {
        "rss": 129974272,
        "heapTotal": 20430848,
        "heapUsed": 11852360,
        "external": 6212514,
        "arrayBuffers": 126272
      },
      "memoryDelta": {
        "heapUsed": 189408,
        "heapTotal": 262144,
        "external": 81832,
        "rss": 98304
      },
      "measurement": {
        "name": "backend-init",
        "duration": 1.7837909999999937,
        "startTime": 123.055
      }
    },
    {
      "stage": "proof-generate",
      "timeMs": 751.46,
      "memoryBefore": {
        "rss": 129974272,
        "heapTotal": 20430848,
        "heapUsed": 11859800,
        "external": 6212514,
        "arrayBuffers": 126272
      },
      "memoryAfter": {
        "rss": 373194752,
        "heapTotal": 22003712,
        "heapUsed": 13973832,
        "external": 23956119,
        "arrayBuffers": 20763927
      },
      "memoryDelta": {
        "heapUsed": 2114032,
        "heapTotal": 1572864,
        "external": 17743605,
        "rss": 243220480
      },
      "measurement": {
        "name": "proof-generate",
        "duration": 777.676916,
        "startTime": 124.901625
      }
    },
    {
      "stage": "proof-verify",
      "timeMs": 144.54,
      "memoryBefore": {
        "rss": 373211136,
        "heapTotal": 22003712,
        "heapUsed": 13994888,
        "external": 23956119,
        "arrayBuffers": 20763927
      },
      "memoryAfter": {
        "rss": 375488512,
        "heapTotal": 22151168,
        "heapUsed": 15258832,
        "external": 24002992,
        "arrayBuffers": 20810800
      },
      "memoryDelta": {
        "heapUsed": 1263944,
        "heapTotal": 147456,
        "external": 46873,
        "rss": 2277376
      },
      "measurement": {
        "name": "proof-verify",
        "duration": 146.79179099999988,
        "startTime": 902.689875
      }
    }
  ],
  "totals": {
    "timeMs": 903.43,
    "memoryPeak": 15309210,
    "proofSize": 14592,
    "witnessSize": 389
  },
  "srs": {
    "loadTimeMs": 1.7739580000000075,
    "sizeBytes": 0,
    "cached": false
  },
  "timestamp": "2025-08-31T05:25:47.967Z",
  "environment": {
    "nodeVersion": "v23.6.1",
    "platform": "darwin",
    "cpuModel": "Apple M4",
    "memoryTotal": 17179869184
  },
  "runs": 3,
  "allResults": [
    {
      "circuit": {
        "name": "simple-hash",
        "size": 6,
        "bytecodeSize": 699
      },
      "backend": "UltraHonk",
      "configuration": {
        "threads": 1,
        "isWarm": false
      },
      "stages": [
        {
          "stage": "circuit-load",
          "timeMs": 0.26,
          "memoryBefore": {
            "rss": 116523008,
            "heapTotal": 20168704,
            "heapUsed": 11299552,
            "external": 5663349,
            "arrayBuffers": 35859
          },
          "memoryAfter": {
            "rss": 116539392,
            "heapTotal": 20168704,
            "heapUsed": 11349440,
            "external": 5671541,
            "arrayBuffers": 44051
          },
          "memoryDelta": {
            "heapUsed": 49888,
            "heapTotal": 0,
            "external": 8192,
            "rss": 16384
          },
          "measurement": {
            "name": "circuit-load",
            "duration": 0.3147919999999971,
            "startTime": 106.320041
          }
        },
        {
          "stage": "circuit-execute",
          "timeMs": 16.1,
          "memoryBefore": {
            "rss": 116555776,
            "heapTotal": 20168704,
            "heapUsed": 11372880,
            "external": 5671541,
            "arrayBuffers": 44051
          },
          "memoryAfter": {
            "rss": 129875968,
            "heapTotal": 20168704,
            "heapUsed": 11648144,
            "external": 6130682,
            "arrayBuffers": 44440
          },
          "memoryDelta": {
            "heapUsed": 275264,
            "heapTotal": 0,
            "external": 459141,
            "rss": 13320192
          },
          "measurement": {
            "name": "circuit-execute",
            "duration": 16.113375000000005,
            "startTime": 106.804625
          }
        },
        {
          "stage": "backend-init",
          "timeMs": 1.77,
          "memoryBefore": {
            "rss": 129875968,
            "heapTotal": 20168704,
            "heapUsed": 11662952,
            "external": 6130682,
            "arrayBuffers": 44440
          },
          "memoryAfter": {
            "rss": 129974272,
            "heapTotal": 20430848,
            "heapUsed": 11852360,
            "external": 6212514,
            "arrayBuffers": 126272
          },
          "memoryDelta": {
            "heapUsed": 189408,
            "heapTotal": 262144,
            "external": 81832,
            "rss": 98304
          },
          "measurement": {
            "name": "backend-init",
            "duration": 1.7837909999999937,
            "startTime": 123.055
          }
        },
        {
          "stage": "proof-generate",
          "timeMs": 777.61,
          "memoryBefore": {
            "rss": 129974272,
            "heapTotal": 20430848,
            "heapUsed": 11859800,
            "external": 6212514,
            "arrayBuffers": 126272
          },
          "memoryAfter": {
            "rss": 373194752,
            "heapTotal": 22003712,
            "heapUsed": 13973832,
            "external": 23956119,
            "arrayBuffers": 20763927
          },
          "memoryDelta": {
            "heapUsed": 2114032,
            "heapTotal": 1572864,
            "external": 17743605,
            "rss": 243220480
          },
          "measurement": {
            "name": "proof-generate",
            "duration": 777.676916,
            "startTime": 124.901625
          }
        },
        {
          "stage": "proof-verify",
          "timeMs": 146.72,
          "memoryBefore": {
            "rss": 373211136,
            "heapTotal": 22003712,
            "heapUsed": 13994888,
            "external": 23956119,
            "arrayBuffers": 20763927
          },
          "memoryAfter": {
            "rss": 375488512,
            "heapTotal": 22151168,